<?xml version="1.0" encoding="UTF-8" ?>
<!DOCTYPE mapper PUBLIC "-//mybatis.org//DTD Mapper 3.0//EN" 
"http://mybatis.org/dtd/mybatis-3-mapper.dtd">
<mapper namespace="com.jiudian.mapper.FuwuMapper">

	
	
	<select id="findFuwuList" 
		resultType="Fuwu">
		select * from fuwu 
	</select>
	
	<select id="query" parameterType="java.util.Map" resultType="Fuwu">
		select * from fuwu u
		<where>
			 
		</where>
	</select>
	
	
	<select id="queryFuwuById" parameterType="int" resultType="Fuwu">
		select * from fuwu where id=${value}
	</select>

	<insert id="insertFuwu" useGeneratedKeys="true" keyProperty="id" parameterType="Fuwu">
		insert into fuwu
		(name,ms,jg,pic)
		values
		(#{name},#{ms},#{jg},#{pic});
	</insert>
	
	<update id="updateFuwu" parameterType="Fuwu" >
		update fuwu set
		name=#{name},ms=#{ms},jg=#{jg} ,pic=#{pic}
		where
		id=#{id}	
	</update>
	
	<delete id="deleteFuwu" parameterType="int">
	    delete from  fuwu where id=${value}
	</delete>

</mapper>
