<?xml version="1.0" encoding="UTF-8" ?>
<!DOCTYPE mapper PUBLIC "-//mybatis.org//DTD Mapper 3.0//EN" 
"http://mybatis.org/dtd/mybatis-3-mapper.dtd">
<mapper namespace="com.jiudian.mapper.HuodongMapper">

	
	
	<select id="findHuodongList" 
		resultType="Huodong">
		select * from huodong 
	</select>
	
	<select id="query" parameterType="java.util.Map" resultType="Huodong">
		select * from huodong u
		<where>
			 
		</where>
	</select>
	
	
	<select id="queryHuodongById" parameterType="int" resultType="Huodong">
		select * from huodong where id=${value}
	</select>

	<insert id="insertHuodong" useGeneratedKeys="true" keyProperty="id" parameterType="Huodong">
		insert into huodong
		(name,ms,shijian)
		values
		(#{name},#{ms},#{shijian});
	</insert>
	
	<update id="updateHuodong" parameterType="Huodong" >
		update huodong set
		name=#{name},ms=#{ms},shijian=#{shijian}
		where
		id=#{id}	
	</update>
	
	<delete id="deleteHuodong" parameterType="int">
	    delete from  huodong where id=${value}
	</delete>

</mapper>
