<?xml version="1.0" encoding="UTF-8" ?>
<!DOCTYPE mapper PUBLIC "-//mybatis.org//DTD Mapper 3.0//EN" 
"http://mybatis.org/dtd/mybatis-3-mapper.dtd">
<mapper namespace="com.jiudian.mapper.JiudianMapper">

	
	
	<select id="findJiudianList" 
		resultType="Jiudian">
		select * from jiudian 
	</select>
	
	<select id="query" parameterType="java.util.Map" resultType="Jiudian">
		select * from jiudian u
		<where>
			 
		</where>
	</select>
	
	
	<select id="queryJiudianById" parameterType="int" resultType="Jiudian">
		select * from jiudian where id=${value}
	</select>

	<insert id="insertJiudian" useGeneratedKeys="true" keyProperty="id" parameterType="Jiudian">
		insert into jiudian
		(xinxi)
		values
		(#{xinxi});
	</insert>
	
	<update id="updateJiudian" parameterType="Jiudian" >
		update jiudian set
		xinxi=#{xinxi}
		where
		id=#{id}	
	</update>
	
	<delete id="deleteJiudian" parameterType="int">
	    delete from  jiudian where id=${value}
	</delete>

</mapper>
