<?xml version="1.0" encoding="UTF-8" ?>
<!DOCTYPE mapper PUBLIC "-//mybatis.org//DTD Mapper 3.0//EN" 
"http://mybatis.org/dtd/mybatis-3-mapper.dtd">
<mapper namespace="com.jiudian.mapper.KefangMapper">

	
	
	<select id="findKefangList" 
		resultType="Kefang">
		select * from kefang 
	</select>
	
	<select id="query" parameterType="java.util.Map" resultType="Kefang">
		select * from kefang u
		<where>
			 
		</where>
	</select>
	
	
	<select id="queryKefangById" parameterType="int" resultType="Kefang">
		select * from kefang where id=${value}
	</select>

	<insert id="insertKefang" useGeneratedKeys="true" keyProperty="id" parameterType="Kefang">
		insert into kefang
		(name,type,ms,pic,jg,sl,ydsl)
		values
		(#{name},#{type},#{ms},#{pic},#{jg},#{sl},#{ydsl});
	</insert>
	
	<update id="updateKefang" parameterType="Kefang" >
		update kefang set
		name=#{name},ms=#{ms},type=#{type},pic=#{pic},jg=#{jg},sl=#{sl},ydsl=#{ydsl}
		where
		id=#{id}	
	</update>
	
	<delete id="deleteKefang" parameterType="int">
	    delete from  kefang where id=${value}
	</delete>

</mapper>
