<?xml version="1.0" encoding="UTF-8" ?>
<!DOCTYPE mapper PUBLIC "-//mybatis.org//DTD Mapper 3.0//EN" 
"http://mybatis.org/dtd/mybatis-3-mapper.dtd">
<mapper namespace="com.jiudian.mapper.TousuMapper">

	
	
	<select id="findTousuList" 
		resultType="Tousu">
		select * from tousu 
	</select>
	
	<select id="query" parameterType="java.util.Map" resultType="Tousu">
		select * from tousu u
		<where>
			 
		</where>
	</select>
	
	
	<select id="queryTousuById" parameterType="int" resultType="Tousu">
		select * from tousu where id=${value}
	</select>

	<insert id="insertTousu" useGeneratedKeys="true" keyProperty="id" parameterType="Tousu">
		insert into tousu
		(title,ms,tsr,tssj,replay,hfsj)
		values
		(#{title},#{ms},#{tsr},#{tssj},#{replay},#{hfsj});
	</insert>
	
	<update id="updateTousu" parameterType="Tousu" >
		update tousu set
		title=#{title},ms=#{ms},tsr=#{tsr},tssj=#{tssj},replay=#{replay},hfsj=#{hfsj}
		where
		id=#{id}	
	</update>
	
	<delete id="deleteTousu" parameterType="int">
	    delete from  tousu where id=${value}
	</delete>

</mapper>
