<?xml version="1.0" encoding="UTF-8" ?>
<!DOCTYPE mapper PUBLIC "-//mybatis.org//DTD Mapper 3.0//EN" 
"http://mybatis.org/dtd/mybatis-3-mapper.dtd">
<mapper namespace="com.jiudian.mapper.UserMapper">

	
	
	<select id="findUserList" 
		resultType="User">
		select * from user 
	</select>
	
	<select id="query" parameterType="java.util.Map" resultType="User">
		select * from user u
		<where>
			<if test="username!=null and username!=''">
			   and u.username= #{username}
			</if>
			<if test="pwd!=null and pwd!=''">
			   and u.pwd= #{pwd}
			</if>
		</where>
	</select>
	
	
	<select id="queryUserById" parameterType="int" resultType="User">
		select * from user where id=${value}
	</select>
	
	<insert id="insertUser" useGeneratedKeys="true" keyProperty="id" parameterType="User">
		insert into user
		(username,pwd,utype)
		values
		(#{username},#{pwd},#{utype});
	</insert>
	
	<update id="updateUser" parameterType="User" >
		update user set
		username=#{username},pwd=#{pwd},utype=#{utype}
		where
		id=#{id}	
	</update>
	
	<delete id="deleteUser" parameterType="int">
	    delete from  user where id=${value}
	</delete>

</mapper>
